{
    "API_KEY": "",
    "APP_ID": "",
    "SECRET_KEY": "",
    "character": {
        "kp": {
            "sound": {
                "spd": 6,
                "per": 1,
                "pit": 4
            }
        },
        "sma": {
            "sound": {
                "spd": 7,
                "per": 4,
                "pit": 8
            }
        }
    },
    "color": {
        "R": 255,
        "G": 128,
        "B": 192
    },
    "_len": 23,
    "position": 37,
    "dhk_num": 1
}